0,1,2,3,4,5,6,7,8,9,10,11,12,13,14,15,16,17,18,19,20,21,22,23,24,25,26,27,28,29,30,31,32,33,34,35,36,37,38,39,40,41,42,43,44,45,46,47,48,49
-0.12127474899291993,-0.1845798007965088,-0.09332694129943847,-0.04031876258850098,-0.13030055389404296,-0.0764978313446045,-0.1253858325958252,-0.15517092323303222,-0.21793596038818358,-0.09272051315307617,-0.13942075157165526,0.06799291000366212,0.24391405448913575,0.4224998596191406,0.3270429946899414,0.389303715133667,0.3782176486968994,0.47680382957458495,0.3764204849243164,0.41556737022399903,0.37791975517272947,0.46031803855896,0.5311381969451905,0.5716373065948486,0.6303045505523681,0.5959668605804443,0.5802165328979492,0.5791685287475585,0.5478879898071289,0.5113400272369385,0.5270665908813477,0.6144794101715088,0.59930510597229,0.654863971710205,0.487695858001709,0.6328731105804444,0.5642139915466309,0.5729451442718505,0.41864071617126464,0.3840030578613281,0.3387022766113281,0.32064467849731443,0.3712733791351318,0.312675887298584,0.3691575572967529,0.3149515186309814,0.48410340003967284,0.3875003330230713,0.42501889839172363,0.45741695098876956
0.0792129150390625,0.1993577304840088,0.31503031730651854,0.4652888114929199,0.4748988590240478,0.5956565002441406,0.6474960006713867,0.7102883659362793,0.7127231060028076,0.8430464889526367,0.9377956462860108,0.969268985748291,0.9911855785369873,1.02783189163208,1.0968907012939453,0.6510676006317139,0.6500444568634033,0.8248363338470459,0.7880021034240723,0.8794611122131347,0.8625414443969727,0.9550444564819336,1.0399560062408448,1.0371657405853272,1.1088521614074707,1.1705528011322022,1.2123438541412352,1.2874087306976318,1.3451036636352538,1.3719458469390868,1.443963748550415,1.5715810863494872,1.6253432598114013,1.7115888088226319,1.0153527393341064,1.2080159893035889,1.2204729740142821,1.3366309616088867,1.2893284980773925,1.3284413703918456,1.422115546798706,1.4818029014587402,1.5946664180755614,1.5973920314788819,1.6793440624237062,1.612993313217163,1.709022183227539,1.5623880222320556,1.6014178970336914,1.5905130416870117
0.28175377616882324,-0.04826254692077636,0.021241114044189463,0.1984520408630371,0.1922019687652588,0.3113579162597656,0.27727548637390137,0.24412287483215334,0.16955073890686034,0.2433998893737793,0.3416945911407471,0.42494174041748045,0.4729939750671387,0.47698869972229,0.49050445823669436,0.5006496631622315,0.4479186592102051,0.5559636260986328,0.5310729270935058,0.7235601112365723,0.26159548530578614,0.4175145248413086,0.5100604347229004,0.4892548587799072,0.5123133209228516,0.511613818359375,0.48272276496887206,0.49670731086730957,0.6074515110015869,0.7318561241149902,0.9587999099731446,1.21051185836792,1.3946070877075196,1.6263786483764648,1.6782696620941162,1.9730694953918457,1.9659114032745362,1.9968530632019044,1.8034611713409423,1.687182001876831,1.6463070854187012,1.6228800205230713,1.7074353706359864,1.7064390106201173,1.7785228698730469,1.767942974090576,1.8859185134887695,1.7327700424194337,1.785234991455078,1.7427613788604737
0.3356689075469971,0.2742868721008301,0.3397458957672119,0.3495400089263916,0.23673715515136717,0.2584286117553711,0.1789480094909668,0.08800278053283692,-0.007498180007934577,0.0835518684387207,0.12594139976501464,0.23532502288818358,0.28299517631530763,0.35606391792297365,0.3929224536895752,0.4340047554016113,0.41502751274108884,0.47020601119995115,0.38292236137390134,0.400526229095459,0.34432271995544433,0.3283027904510498,0.28839702873229983,0.2726615852355957,0.31906511421203615,0.3347436820983887,0.44070675010681154,0.5441300151824952,0.5897345714569092,0.6261153034210205,0.6623781070709228,0.7387306972503662,0.7096579044342041,0.7358001441955566,0.5710510848999023,0.6736424350738526,0.581358638381958,0.5966531074523925,0.47680959358215336,0.4733344402313232,0.42884427108764644,0.39471137237548826,0.43614189224243166,0.3774197940826416,0.45422449073791504,0.42397525062561037,0.5963518310546875,0.5138838958740234,0.5186541027069091,0.5145927753448486
-0.27176282768249516,-0.2166320941925049,-0.04107359809875488,0.12901041946411135,0.1764709690093994,0.331261967086792,0.38684918556213377,0.4092468955993652,0.44725238761901853,0.595487183380127,0.6138015251159668,0.6072967594146729,0.5919313728332519,0.11070177993774415,0.22191521911621093,0.3423982604980469,0.4135709014892578,0.48874661712646483,0.49503337821960447,0.5843854606628418,0.5781474571228027,0.601848418045044,0.6102404891967773,0.6033344383239746,0.6634240211486816,0.6889803977966309,0.738656990814209,0.8395431331634522,0.8272843246459961,0.7819363822937012,0.7433447853088379,0.806218977355957,0.7423108879089355,0.7860962265014648,0.6115377544403077,0.7385395458221435,0.6854275398254395,0.7202355518341065,0.6355717544555664,0.6811835559844971,0.6301571838378907,0.5700012023925781,0.5332561874389649,0.3846365249633789,0.3715245349884033,0.3276285972595215,0.4549123924255371,0.3993830654144287,0.4333894592285156,0.40748744888305666
0.1694587703704834,0.25412954750061034,0.368625891494751,0.537243868637085,-0.27565879554748535,-0.15565083007812502,-0.12103874702453613,-0.05729944343566895,-0.046942098999023435,0.08838629417419433,0.2128070827484131,0.2819284385681152,0.3892524364471436,0.47333886795043945,0.5762525959014893,0.6922552261352539,0.7303995803833008,0.8728525699615478,0.8528557071685791,0.9417432529449463,0.8734415904998779,0.9263982032775879,0.9032403625488281,0.7836876441955566,0.7560730831146241,0.6790754642486573,0.5723677913665772,0.5649114406585694,0.4739213508605957,0.4503272960662842,0.41092802810668944,0.530853844833374,0.511126106262207,0.5871621837615967,0.47494135093688966,0.6317129501342773,0.5200196483612061,0.5498042995452881,0.41528642082214356,0.43445655059814453,0.4296579689025879,0.4735887771606445,0.4924523712158203,0.46060224533081057,0.5042716629028321,0.4591024875640869,0.532275231552124,0.41349260215759276,0.47767688102722167,0.42470436744689943
0.4185080158233643,0.4661818862915039,0.6490924545288086,0.6686068542480469,0.595952666091919,0.7258099754333496,0.7078548305511475,0.7446497264862061,0.6945233615875244,0.8511132530212402,0.7839893936157226,0.8736304710388184,0.5797219463348389,0.7033792503356934,0.7810866001129151,0.7931646545410156,0.7261956565856934,0.8531688037872315,0.7717230590820312,0.743230753326416,0.7601661323547363,0.7266663978576661,0.8514464904785156,0.9213229728698731,0.9675749824523926,0.9112604137420655,0.9386640422821045,0.8882695224761963,0.9867975074768066,0.8731675464630126,1.0395793193817138,1.1034339641571045,1.1583091373443604,1.23077781791687,1.07449213180542,1.1668337158203124,1.2169652820587158,1.248728694534302,1.144497732925415,1.1236426414489746,1.0911174488067625,1.0296761619567871,1.130017389678955,1.0095929695129393,1.0699814826965333,0.9833486072540283,1.226522758102417,1.1926076789855957,1.2113165870666505,1.3681081798553467
0.18735675354003906,0.1679561149597168,0.3510725505828857,0.4135643840789795,0.3699244548797607,0.46073259391784666,0.4232733135223389,0.38100209617614744,0.2860724113464356,0.3864823886871338,0.31230393295288084,0.2833450805664063,0.0964437068939209,-0.010278477859497065,-0.13198143653869626,-0.2176107166290283,-0.2982547149658203,-0.18044131278991699,-0.2024956195831299,-0.1334799922943115,-0.060566499328613285,-0.04102995071411133,0.028873855590820313,0.06548890800476075,0.11507581748962402,0.10001444892883302,0.1466907413482666,0.14655721549987794,0.17241586303710937,0.09895740966796875,0.1728640670776367,0.21369030265808106,0.19913417434692382,0.22880903549194337,0.06410769996643066,0.1449985813140869,0.12815321235656738,0.1378601375579834,0.04308769378662109,0.07490873260498046,0.10370331077575684,0.13665689239501952,0.2717484428405762,0.20934237670898437,0.2606428081512451,0.13846775398254393,0.31412782135009765,0.24333228950500488,0.2371367000579834,0.3298051670074463
0.270210164642334,0.22119634208679198,0.2701423336029053,0.22293093757629395,0.09574737205505371,0.16838593215942382,0.16602536315917968,0.18775017395019533,0.12292781715393067,0.23235957145690916,0.1356379104614258,0.11059160346984863,0.24218417892456057,0.25163176612854005,0.24917974128723144,0.25101608963012695,0.18220683212280273,0.3176289333343506,0.19868603591918946,0.16523639678955077,0.10032168159484864,-0.00013689880371094143,-0.015105415725708005,-0.046221575927734376,-0.07231309967041016,-0.13654131240844725,-0.0863366668701172,-0.11042833518981932,-0.052089254379272476,-0.14055216445922852,-0.028863033676147454,0.025971154785156242,0.07584376525878905,0.06628600578308105,-0.17304947929382325,-0.10153884239196775,-0.07986002616882326,-0.03553891372680662,-0.11692146492004396,-0.1456125988006592,-0.1205914825439453,-0.15259482421875,0.008953763961791983,-0.04801134719848632,0.06365678634643555,0.00400325698852539,0.2795508373260498,0.2513953929901123,-0.1423812313079834,-0.0305324806213379
0.1443492965698242,0.1750272804260254,0.21345455245971678,0.2964239986419678,0.26254797363281246,0.33449005775451657,0.3623193630218506,0.3794187877655029,0.3311588577270508,0.3825795433044434,0.42006984977722167,0.3839259632110596,0.3886982185363769,0.40963075523376463,0.4834665592193603,0.5792649551391602,0.5673175918579102,0.7053259868621826,0.6569185222625732,0.7407341415405273,0.7191526268005372,0.8427046283721924,0.9309297958374023,0.4190542495727539,0.5019604499816894,0.5776978298187256,0.5994366275787354,0.6975826282501221,0.7103195156097412,0.7622526103973388,0.7914959762573243,0.9250827774047852,0.9366940418243408,1.0020454544067383,0.9023555438995361,1.0828464164733886,1.0347478115081787,1.1176024730682372,1.0264450981140136,1.0471506175994874,1.0801370052337647,1.1059269149780273,1.1300790370941163,1.093466701889038,1.1431805042266845,1.0735931201934814,1.1758037117004394,1.0735187553405763,1.1476541675567626,1.1269555114746095
0.2506680736541748,0.242588037109375,0.2897403461456299,0.27643328285217283,0.16757539710998537,0.25387313652038573,0.2448471206665039,0.25948389167785646,0.2018946475982666,0.32248865394592285,0.28871744956970213,0.31491046104431153,0.23748412551879883,0.23058536338806151,0.1756355327606201,0.10548963851928711,0.2722781318664551,0.3825028717041016,0.26942337226867674,0.27500258712768555,0.2432824977874756,0.2310426727294922,0.25391974868774414,0.22462561416625976,0.17762966575622557,0.06699195213317871,0.06002434539794921,0.04440823097229003,0.12137820739746094,0.11216272048950196,0.2634515083312988,0.3770165458679199,0.4389481491088867,0.5257005630493163,0.4190377738952637,0.6195325988769531,0.7016157379150391,0.7864449897766114,0.7064246959686279,0.6737703441619873,0.6718738056182861,0.6372308826446533,0.7502325218200684,0.6724430282592774,0.7355841815948486,0.6501531074523926,0.8391273769378662,0.7424241466522217,0.726667038345337,0.7761229400634766
0.7077564140319825,0.6271109210968018,0.8261305747985841,0.8275832775115968,0.752096573638916,0.6891853370666503,0.6446918560028077,0.49847443275451664,0.29521940994262696,0.410547481918335,0.3959872650146484,0.39408553581237793,0.43315611763000483,0.458763941192627,0.38197734642028813,0.395863175201416,0.265736209487915,0.40570756301879884,0.33431265945434574,0.40776870155334477,0.46337045478820804,0.4987932746887207,0.6157672393798828,0.7027222858428955,0.7471288860321046,0.7213013339996337,0.7510747592926026,0.832084693145752,0.6930671077728272,0.6847738739013671,0.611826171875,0.7450543312072754,0.685320930480957,0.7457554096221923,0.5480012962341309,0.6284704578399658,0.5076363689422607,0.44964522247314453,0.25267955169677736,0.1825691276550293,0.09150946922302244,0.05152844734191897,0.11341173820495604,0.10296247215270998,0.28210467376708986,0.1083244003295899,0.39868192825317383,0.42593960113525386,0.44237193527221674,0.6437813747406006
0.862649983215332,0.9107064498901367,1.0955120689392088,1.1099469932556152,1.0107566341400145,1.0673510471343994,1.007683030319214,1.0000314472198486,0.9262086406707764,1.0521466148376466,0.9711608200073242,0.9928647953033447,0.9067325790405274,1.1323354515075683,1.1619345172882078,1.1267048755645752,1.0163822090148926,1.0958118198394775,1.000036622619629,0.9700264347076416,0.9430910854339599,0.882002063369751,0.9329402645111085,0.9691711853027344,1.0507549045562743,1.0725082065582274,1.153288120651245,1.1540602989196778,1.1666228717803955,1.0218130569458008,1.0890117641448973,1.131862562942505,1.1322516826629638,1.1620100505828859,0.9593964511871338,1.029625910949707,1.0243817935943604,0.9970958206176758,0.8208283840179443,0.7402600578308105,0.6366571983337402,0.5598390884399413,0.6319704124450684,0.5410935577392578,0.6253835193634033,0.5444214935302734,0.7501982021331787,0.7262167999267578,0.7759200729370117,0.8324879936218261
-0.0363292610168457,-0.0856247299194336,-0.059801078414917,-0.05832705383300782,-0.2067728805541992,-0.21502273025512694,-0.2630345802307129,-0.2618120922088623,-0.2566180953979492,-0.1139525764465332,-0.07889883003234863,-0.09242935447692871,-0.1658685214996338,-0.231506587600708,-0.28389983673095703,-0.295888436126709,-0.3615829566955566,-0.34581453857421873,-0.48144429931640625,-0.46228991775512696,-0.5151783542633057,-0.45835978775024416,-0.43540106773376464,-0.39962305374145507,-0.3276943428039551,-0.33218327178955076,-0.3165381748199463,-0.2829855941772461,-0.3253197063446045,-0.31178668327331543,-0.2949849681854248,-0.16388971977233888,-0.14886739807128907,-0.09436065559387208,-0.29537994842529297,-0.24602798042297364,-0.4244412742614746,-0.47507752494812017,-0.6497876934051514,-0.6984188571929931,-0.7624658008575439,-0.8008255809783935,-0.7817841022491455,-0.8770977016448974,-0.8767862293243408,-0.9926852718353272,-0.9031895904541015,-1.0398350086212158,-1.0496384559631349,-1.049123358154297
-0.29928478202819825,-0.3634793689727783,-0.27533712005615235,-0.28427251243591306,-0.3859979290008545,-0.36070574493408203,-0.3959147228240967,-0.42905175552368163,-0.5297676738739014,-0.4122203006744385,-0.4281185405731201,-0.43117502250671386,-0.48349161491394044,-0.5115644336700439,-0.5600112907409668,-0.5809787006378174,-0.6755605922698975,-0.5971984474182129,-0.6941696723937988,-0.6716278957366943,-0.6744782012939453,-0.6302609298706054,-0.5209652446746826,-0.4340033615112305,-0.30239918327331544,-0.2324527053833008,-0.1273049289703369,-0.03095830307006836,-0.04302074546813965,-0.08796015167236329,-0.0956904010772705,-0.02393426246643067,-0.04993848953247071,0.03721844749450683,-0.04890550193786621,0.14890192527770996,0.1823683219909668,0.2725838024139404,0.19389964065551757,0.25644937629699704,0.32567366256713864,0.4494539546966553,0.6432715030670166,0.654184087753296,0.7204853160858155,0.5271089412689209,0.5910437519073486,0.400629052734375,0.3088314071655273,0.3260702995300293
0.36967539710998537,0.4359030658721924,0.550802347946167,0.6197157245635986,0.5535997177124024,0.5963635578155517,0.5990622463226318,0.636817850112915,0.6538238464355469,0.7890639488220215,0.8639790584564209,0.8960219219207763,0.8675030395507812,0.8646230987548829,0.8545572700500488,0.8557420825958252,0.7879613945007324,0.8549849647521973,0.7609991901397705,0.7879589202880859,0.7409266574859619,0.7960236396789551,0.8198998836517334,0.7764732872009278,0.764096297454834,0.6955031246185303,0.6417704647064209,0.652970234298706,0.6523321582794189,0.6944295757293701,0.751364270401001,0.8700383243560791,0.8809800327301025,0.9119438457489014,0.7590984897613525,0.8912635772705079,0.8238058616638183,0.8530334106445312,0.7304414978027344,0.6963940586090088,0.6508476661682129,0.5821051128387451,0.5558105880737305,0.4441557300567627,0.45773701934814454,0.3748867618560791,0.48018181076049804,0.399835689163208,0.47332702560424805,0.5199843814849854
0.5741636928558349,0.46409295616149904,0.5170489639282226,0.5261268562316894,0.4652363731384277,0.5577952419281006,0.5675327854156494,0.5001640556335449,0.32606852340698245,-0.42492367935180664,-0.6328002555847168,-0.7240094711303711,-0.800918002319336,-0.7714187713623046,-0.7988484977722168,-0.824431718826294,-0.9838260433197021,-0.9182079563140868,-1.0841605796813965,-1.0601608795166015,-1.0547704460144043,-1.0739342597961425,-1.0467175971984863,-1.0232487483978272,-1.033932958984375,-1.0884894737243653,-1.0303281818389893,-0.9170813179016113,-0.9125992195129394,-0.9432376647949219,-0.8498482028961182,-0.7533523712158203,-0.7250689407348633,-0.6528827896118164,-0.7947253368377686,-0.624468535232544,-0.5731481636047363,-0.4862978466033936,-0.5247266391754151,-0.5149312297821045,-0.4304726821899414,-0.4060191780090332,-0.20013051795959474,-0.24687332954406738,-0.14904177360534668,-0.2850185478210449,-0.013775833892822262,-0.0892186752319336,-0.13075779762268067,-0.005149841690063481
-0.15491174240112304,-0.0942604232788086,-0.003538128662109369,0.09587671432495118,0.04272774085998535,0.1570716278076172,-0.10642864685058595,-0.13462570724487305,-0.17971883392333987,-0.11992936058044434,-0.10005901832580566,-0.035802333450317386,-0.03230428390502929,0.0392084327697754,0.13645079956054687,0.20447305603027344,0.21659255104064942,0.31810463333129885,0.29962474670410155,0.3987426513671875,0.42806125335693357,0.5719870082855225,0.6798104652404785,0.721616928100586,0.8389102676391601,0.8635015853881836,0.8792323139190674,0.8490657665252686,0.3875964340209961,0.4140758270263672,0.5326473777770996,0.649195288848877,0.7260660537719726,0.8197135372161866,0.7541953781127929,0.9074869522094726,0.8424455192565918,0.9098148204803467,0.81613447265625,0.8633460102081298,0.9328379676818848,1.0195549137115478,0.6678935894012451,0.6782776756286621,0.7650799015045165,0.7923796543121338,0.9033764865875245,0.7763252117156982,0.8449495037078858,0.875691801071167
-0.8655451976776123,-0.9222520503997803,-0.8445688640594482,-0.7193725635528564,-0.7337178020477295,-0.6303102443695069,-0.6226242916107178,-0.6145298713684082,-0.6879923717498779,-0.5516922714233399,-0.5172230697631836,-0.47424019050598143,-0.41588194198608397,-0.36006546783447263,-0.32717664604187013,-0.2541422695159912,-0.2820678524017334,-0.1515155101776123,-0.21970440788269044,-0.16396018753051758,-0.18756517105102538,-0.15425473937988282,-0.11700044860839845,-0.1381515483856201,-0.11548546600341797,-0.14560700988769532,-0.13761193199157715,-0.0697425422668457,-0.1035557888031006,-0.12217821998596193,-0.1319335563659668,0.00292154922485352,-0.027601107406616213,0.05719550018310547,-0.08040485725402832,0.0930246509552002,0.10196063957214355,0.1964477481842041,0.12411559486389159,0.13991450767517088,0.17626202239990235,0.23947826080322265,0.33876174659729,0.2878051570892334,0.3616958927154541,0.2614454139709473,0.408714986038208,0.30716466598510744,0.31571001625061035,0.34369103202819823
0.6724199993133545,0.6264079845428466,0.6841542133331299,0.7233934036254883,0.5797619026184082,0.5206788352966308,0.447275186920166,0.35723186340332036,0.26936986579895017,0.35866553115844724,0.4262126583099365,0.48569481925964353,0.5853758827209473,0.6343817375183105,0.6409228855133057,0.699341688156128,0.6526632110595703,0.6604631126403808,0.4881535968780517,0.49457638816833494,0.3803891895294189,0.3922609313964843,0.31578709754943846,0.27487694778442384,0.2838855625152588,0.25300471878051756,0.2654741493225098,0.32071596336364744,0.19574373741149903,0.22249409637451173,0.12838911437988282,0.22224002113342284,0.12902482452392577,0.11758416633605956,-0.11789023780822754,-0.0354019229888916,-0.20449701080322266,-0.17575079002380373,-0.2664430561065674,-0.2528318298339844,-0.2816060771942139,-0.27050875244140626,-0.19573112106323243,-0.1777272621154785,-0.07843796882629395,-0.1719389019012451,-0.06418552322387695,-0.19140200538635255,-0.18919740371704102,-0.15872912979125978
0.10011640586853027,-0.039786103057861316,-0.04668565673828125,-0.015286405181884767,-0.07550067901611328,0.032698009109497064,0.07802813568115236,0.08740294647216798,0.03654724884033203,0.02657049942016601,-0.04153324356079102,-0.0898458351135254,-0.11705359725952148,-0.11581213989257813,-0.11282148094177247,-0.08177156867980957,-0.06909593162536622,0.03392996826171875,0.07434432640075683,0.24561514053344724,0.2959745174407959,0.424485990524292,0.42105075035095213,0.4055875701904297,0.48004069290161133,0.5301614902496338,0.629225872039795,0.7628807399749756,0.7759009700775147,0.8490827049255371,0.8083348182678223,0.8403076641082764,0.7122837059020997,0.6763379932403565,0.48511751289367677,0.5581834415435791,0.34757543106079103,0.31939021911621096,0.16646018066406248,0.20114564781188965,0.20258563728332518,0.27234049644470215,0.36227996978759763,0.41496953506469725,0.5394219612121582,0.5497668647766113,0.6607207885742188,0.5711244277954102,0.6565246223449707,0.7277252494812012
-0.09456708793640137,-0.04960587501525879,0.05321302032470703,0.1092483772277832,0.10177969512939453,0.2097811809539795,0.25502310142517093,-0.21935116081237793,-0.24256378746032714,-0.08023571281433106,-0.0255108154296875,0.029257745742797853,0.048129220962524415,0.10308644905090332,0.18958448944091796,0.2690689674377441,0.25411401138305667,0.3518437999725342,0.2908771022796631,0.33961027488708495,0.3154916015625,0.35770773429870606,0.43543415069580077,0.47745126266479493,0.5758332080841064,0.6741463912963868,0.84385339012146,1.0522122638702394,1.1864213634490968,1.1123691730499268,1.132416466140747,1.1914022693634032,1.2192864612579346,1.3057401641845703,1.1948381740570069,1.3175810260772705,1.2602303226470948,1.2400903301239015,1.1000680809020995,1.028497395324707,0.993431050491333,0.9540224075317383,1.0109474830627443,0.9322974182128906,0.9639826820373535,0.8233842384338379,0.9312434864044189,0.8032161785125732,0.7940862300872803,0.765242739868164
-0.14796810188293458,-0.4120320030212402,-0.15920824012756346,-0.14168164558410645,-0.23783591918945313,-0.17213335609436034,-0.1775516590118408,-0.18898437538146973,-0.2660166614532471,-0.2168805290222168,-0.27401606864929196,-0.32951220664978026,-0.3958495780944824,-0.4184695064544678,-0.3662370304107666,-0.3034562412261963,-0.3162027000427246,-0.22420526809692382,-0.31955935592651363,-0.25809383201599123,-0.2634909210205078,-0.17252814712524414,-0.11402162017822266,-0.07733423881530761,-0.026378803634643552,-0.039738696670532224,-0.006354065322875975,0.014932326507568358,-0.029989735412597657,-0.0692060432434082,-0.09420637817382813,-0.033700720596313474,-0.05327939529418946,0.00279003944396973,-0.1431531463623047,-0.0009924953460693359,-0.10395683479309083,-0.10975417251586914,-0.2229827262878418,-0.24728772048950196,-0.22000832710266113,-0.17170892753601075,0.38181092948913575,0.08778868408203125,-0.08705842208862305,-0.3922911560058594,0.16122291831970215,0.06531460914611817,0.07257998085021973,0.11689602241516113
0.036228926086425806,-0.03370784988403319,0.11628792076110839,0.10691774368286133,0.010358552551269523,0.03159147949218749,0.04772636680603026,0.05257133255004884,-0.019941151046752925,0.13150537910461424,0.10691986389160157,0.13839680595397952,0.17007844734191896,0.24584567909240723,0.2487612892150879,0.29514509086608887,0.2389500259399414,0.3355355781555176,0.25368096389770506,0.29653070755004884,0.3028053356170654,0.27021218109130857,0.25231987228393554,0.2039602481842041,0.14841384887695314,0.037093926620483386,0.03291435050964356,0.06394298820495606,-0.05012609481811524,-0.12405412101745605,-0.19339052848815919,-0.11424486045837402,-0.17734189224243163,-0.11555437545776368,-0.20806234436035156,-0.10758698654174804,-0.1385733501434326,-0.10685004005432129,-0.20486501235961915,-0.17677477607727052,-0.20017874603271485,-0.164928120803833,-0.05457281227111816,-0.10456505661010743,-0.049035251998901366,-0.2724359676361084,-0.15956979789733888,-0.28378625144958497,-0.3872859443664551,-0.3487452098846435
-0.7884210720062256,-0.7488823211669922,-0.6307041786193848,-0.5791467933654785,-0.6495169807434082,-0.5765677700042725,-0.593809886932373,-0.5724480731964111,-0.6165341716766357,-0.45645244827270504,-0.4443690036773682,-0.3995843360900879,-0.3889706066131592,-0.3088236640930176,-0.230941247177124,-0.1681412868499756,-0.19297298393249512,-0.061801788711547845,-0.13503445587158203,-0.10243171615600585,-0.10470395584106446,-0.07158522033691406,-0.023355161285400383,0.12556564407348633,0.30749709243774415,0.3964066970825195,0.3558665271759033,0.3945818675994873,0.4379091468811035,0.4076458667755127,0.4532990924835205,0.5294609088897705,0.516213886642456,0.5705069217681884,0.4186389652252197,0.5439632118225097,0.5224865779876708,0.5606484836578369,0.465454549407959,0.4836899112701416,0.5173875030517578,0.544495331954956,0.6231356079101562,0.5334005249023437,0.5504371875762939,0.3955850486755371,0.517193360900879,0.36975734634399415,0.3247617679595947,0.35989448013305664
0.3692094078063965,0.34109158821105956,0.4003110500335693,0.42301210708618164,0.3175091682434082,0.3391752655029297,0.31822936668395996,0.3023601451873779,0.2562266696929932,0.3355804786682129,0.2988844680786133,0.27119030113220216,0.21738767013549803,0.22433855743408204,0.2703959526062012,0.34644656257629397,0.37475168380737306,0.5105581367492675,0.3938491962432861,0.4071154357910156,0.3283784553527832,0.34388972511291505,0.36740768394470213,0.36493237686157226,0.3962745780944824,0.3647377029418945,0.3971190635681152,0.462310563659668,0.44951014366149905,0.4444293388366699,0.40080755882263186,0.45967951469421386,0.4214056419372559,0.47029016036987303,0.3714909759521484,0.5467502326965332,0.5304064178466796,0.6135899986267089,0.5486736976623535,0.6091374366760254,0.6389725482940674,0.6681698375701904,0.6746479816436768,0.56784482421875,0.5624802947998047,0.4530758808135986,0.6124810661315918,0.5535507736206055,0.5993702083587646,0.6417475147247315
0.7833712665557861,0.8320617588043213,1.0078489974975586,1.1236175842285157,1.0825448314666748,1.171633381652832,1.1592985626220702,1.1679289333343505,1.1405194137573242,1.2304697639465332,1.2155778980255127,1.2557770641326904,1.267277684020996,1.092833215713501,1.1523723880767822,1.1969472358703612,1.1928175922393798,1.2467725269317627,1.1764283512115479,1.2088828689575195,1.182117280960083,1.245949211883545,1.2886793277740478,1.3190959293365478,1.3672109413146973,1.3198224018096925,1.3009363716125488,1.3067385761260986,1.2237617202758788,1.1600131145477295,1.1186328918457031,1.1818755825042724,1.1212427967071532,1.4142349559783935,1.2745319175720216,1.399023623275757,1.3192786281585693,1.3126744834899902,1.1705688663482665,1.1690048328399658,1.0927413494110108,1.0882295330047607,1.1015437000274657,1.0237712619781494,1.0513277103424072,0.9928198482513428,1.0942945110321045,0.9959885795593262,1.0055931842803956,1.0441441017150879
-0.14730807266235352,-0.23916078720092773,-0.1622178611755371,-0.09650619964599609,-0.14742273445129395,-0.07112135734558106,-0.06720457611083984,-0.06775933265686035,-0.11019184226989745,-0.017287841415405264,-0.010357553100585948,0.0015764862060546891,0.02313933410644531,0.017740688705444346,-0.02930900421142578,-0.037056967163085944,-0.0951371925354004,-0.10619029121398926,-0.20724507484436036,-0.15228012161254884,-0.30635072250366213,-0.25494634017944334,-0.2570734016418457,-0.24715344963073732,-0.18450591621398926,-0.21347661666870116,-0.23477545204162598,-0.2175898567199707,-0.36183952140808107,-0.3829404815673828,-0.4583939357757568,-0.35385676918029785,-0.4220516059875488,-0.37523098793029785,-0.5354286674499511,-0.43266253967285156,-0.5974930107116699,-0.6523136554718018,-0.8727415298461914,-0.9292809646606446,-1.0566853927612305,-1.0668361267089845,-1.0671558750152588,-1.1443113975524901,-1.1436950061798097,-1.256640223312378,-1.1516514038085937,-1.212796279144287,-1.1423197956085205,-1.0565563228607178
1.1572497367858887,1.1382408420562744,1.1380481090545653,1.2094659549713134,1.0811132862091064,1.058054507446289,1.0016430194854737,0.9343882610321046,0.877070263671875,0.8409263557434081,0.8926011486053467,0.8327598640441896,0.8403971908569335,0.7484450187683106,0.7139227336883545,0.736802558517456,0.7015260108947754,0.6433075721740723,0.5065892517089844,0.5212349765777587,0.3840245620727539,0.4878565319061279,0.39344519538879397,0.29545734024047854,0.3576969841003418,0.3920557273864746,0.35976016273498534,0.43500612564086916,0.2923042881011963,0.35824403038024905,0.20887255859374998,0.2822176078796387,0.1718123596191406,0.17222327346801758,0.06357612152099609,0.23836436309814454,0.03269619674682617,0.12552271957397462,-0.892889905166626,-0.9192770305633545,-0.9810757259368896,-0.9115626224517822,-0.93621669921875,-0.9402258491516113,-0.9587640449523925,-1.0281757965087892,-1.0654118381500244,-1.238341667175293,-1.143615684890747,-1.2241901069641112
0.6073283412933349,0.5827118350982666,0.6034098045349121,0.5991174228668212,0.46177560424804687,0.4461702117919922,0.374441032409668,0.3127277812957764,0.19705999526977538,0.24475839157104493,0.23086838912963867,0.2302152572631836,0.2149518295288086,0.22369883346557617,0.2543811527252197,0.25750271224975585,0.14580318717956542,0.20311758689880371,0.014157368850708008,-0.0673532009124756,-0.22786565093994143,-0.22236752929687498,-0.22384124298095703,-0.2631517055511475,-0.23655898895263672,-0.2501810832977295,-0.2792244689941406,-0.8926412727355957,-0.8893681606292725,-0.9512348968505859,-0.8938608478546142,-0.8295614208221436,-0.8290838409423829,-0.7977864616394044,-0.9353265178680419,-0.8134781299591065,-0.8225029243469237,-0.7608295841217041,-0.851975047302246,-0.817882901763916,-0.7699590129852295,-0.767293794631958,-0.6998822002410888,-0.8285168071746826,-0.8056542469024658,-0.9050990436553955,-0.7260287143707276,-0.7414654193878174,-0.6266315811157227,-0.5316254947662353
-0.2952298679351807,-0.27354418296813965,-0.19897353897094727,-0.15295858993530276,-0.24651261253356932,-0.16463915901184084,-0.21647990150451663,-0.1989324504852295,-0.24499379959106443,-0.11560758209228517,-0.1326441436767578,-0.1282381694793701,-0.21110240173339845,-0.20992318534851073,-0.2009972023010254,-0.19942896919250486,-0.23812721862792968,-0.12769098281860353,-0.19748992767333984,-0.148889400100708,-0.14325289611816405,-0.08441218452453614,0.020889478683471685,0.0809983512878418,0.18604937973022462,0.21360408744812012,0.2558200370788574,0.26797932243347167,0.3172134452819824,0.26001399269104003,0.3558751243591308,0.4456316963195801,0.48266861534118655,0.5839387626647949,0.47944580841064455,0.6314301456451417,0.6212589317321777,0.6353501029968261,0.5084973968505859,0.506916153717041,0.5396347507476806,0.6105905681610108,0.7737276489257813,0.41510312271118166,0.5180073909759522,0.4944667781829834,0.6439723545074463,0.5256489463806152,0.5317961372375488,0.5594388130187988
1.8995210494995116,1.8597396263122559,1.8758589183807373,1.9375938228607177,1.8133156410217286,1.7977288097381592,1.691134321975708,1.5377462814331055,1.391330990600586,1.3043542934417724,1.9171103801727294,1.9176283725738525,1.8975781356811523,1.865756159210205,1.8496027103424073,1.8448858589172363,1.751688111114502,1.645542473602295,1.4093790386199951,1.3413468433380127,1.1739153263092041,1.2057024787902832,1.1119566734313966,1.0464985694885254,1.058741008758545,1.0423770915985107,1.061232117843628,1.1186135929107666,1.0960721542358398,1.1723681270599364,1.1431353782653808,1.1920903160095215,1.1104095077514649,1.0795676528930664,0.9217796669006348,1.072255913543701,0.9307836971282959,1.1282430809020996,1.0909769107818603,1.1540327846527099,1.1545394157409667,1.1321366264343262,1.0962371921539307,0.9951941787719727,0.9772584781646729,0.9274647872924804,1.0016633949279785,0.8411301162719726,0.8420060001373291,0.7686253456115723
0.3186678524017334,0.29668673934936524,0.3597588134765625,0.40358845710754393,0.34994195442199705,0.456941508102417,0.4759367988586426,0.5166352813720703,0.48829907493591307,0.5449060298919678,0.5234198852539063,0.5006768573760987,0.3444513870239258,0.38222710609436034,0.43489001731872556,0.4972342479705811,0.49346390228271486,0.608546597290039,0.5453459651947021,0.5294402935028076,0.4752686305999756,0.46911095275878906,0.46311794357299807,0.4379615291595459,0.46397183952331544,0.44270077362060545,0.44458521003723145,0.4557358051300049,0.42082514991760256,0.36251545829772946,0.357397932434082,0.4134803581237793,0.3826990821838379,0.41034127998352055,0.2383445556640625,0.36428978233337406,0.30595445327758786,0.34310205383300785,0.2479047332763672,0.28380776596069335,0.2992215133666992,0.32453357276916506,0.3906263538360596,0.3233633445739746,0.36522954406738284,0.28711993560791016,0.4114746997833252,0.3129067554473877,0.32832532081604004,0.3451946781158447
0.49819885482788084,0.417152135848999,0.38967722167968755,0.39399358444213867,0.24920032386779783,0.2094731067657471,0.17640000076293944,0.12048520584106448,0.07943574066162107,0.13150551986694337,0.20271713676452635,0.2303358268737793,0.27642687492370605,0.2947096096038818,0.2981670169830322,0.3338447513580322,0.3112970203399658,0.3385185802459717,0.2675039150238037,0.35940376739501956,0.34260748176574707,0.47258228530883795,0.3835193286895752,0.2962923824310303,0.2595005256652832,0.19077649116516116,0.19258162803649903,0.26720321578979495,0.17090455207824706,0.2054076313018799,0.08619390029907226,0.16550370330810546,0.11306105194091798,0.14820871505737304,0.026143418121337886,0.19820139656066896,0.08283676681518554,0.1479764892578125,-0.0021465629577636647,-0.017113804244995118,-0.0769317211151123,-0.07275600204467773,0.11018259048461915,0.01669497451782226,-0.14516379890441894,-0.4787476287841797,-0.18207012214660645,-0.3545081943511963,-0.37542973289489745,-0.4318341236114502
0.024616556549072265,-0.056851684188842774,0.028182774734497068,0.05017988052368164,-0.04811863021850586,0.027643243408203122,0.021386884689331056,0.0682803840637207,0.041624476623535155,0.17306069793701173,0.09028966941833497,0.07468837585449219,-0.017023295211791994,0.03137451095581055,0.09206306266784668,0.16429448280334474,0.1859029697418213,0.34390510597229007,0.32027087745666505,0.3549923202514648,0.06811221160888672,-0.005117236709594727,0.002183943939208982,0.007590827178955081,0.0838717155456543,0.12944722328186037,0.24827779998779298,0.3312734512329102,0.3982997947692871,0.34457748146057127,0.4297466682434082,0.5133032882690429,0.5398316390991211,0.627525108718872,0.5122322536468507,0.652814986038208,0.6789348384857178,0.72279714012146,0.6104701141357421,0.6092380813598632,0.557982410812378,0.5372459903717041,0.6409344932556152,0.6249034656524658,0.782410636138916,0.7969461353302002,1.0693337150573732,1.0746265308380127,1.121390542602539,1.2160342720031738
0.18414018173217772,0.05729744300842285,0.0074436767578125035,0.04400150566101074,-0.0493717788696289,-0.020391249084472655,-0.036466790390014645,-0.06342330894470215,-0.12012202911376954,-0.07291451301574707,0.012554573822021478,0.018110521697998053,0.09598381996154784,0.12085761032104492,0.18564636192321776,0.2778735122680664,0.27187512245178225,0.3021897308349609,0.17328143005371094,0.1702623390197754,0.04146160278320313,0.09683040924072266,0.0251146915435791,-0.12230069999694825,-0.16081894302368163,-0.23352030792236328,-0.35434624519348146,-0.3420854640960693,-0.48859589538574216,-0.48116493034362795,-0.5914649448394775,-0.5081614437103271,-0.6049875793457031,-0.5965681308746338,-0.7404557338714599,-0.5792195995330811,-0.7091879344940185,-0.5929241779327392,-0.6590392105102539,-0.5491308410644531,-0.4976596622467041,-0.38497914009094236,-0.3635348148345947,-0.39910596771240237,-0.4171133327484131,-0.5316098503112793,-0.5008786148071289,-0.6183861389160156,-0.49924927253723145,-0.4811198455810547
0.8177899085998535,0.6349156852722168,0.5938279048919678,0.5893617919921875,0.4382025321960449,0.4201788459777832,0.3958751258850097,0.3314498920440674,0.27761630744934085,0.3425592166900635,-0.043601973342895506,-0.0426162784576416,-0.008377722930908216,-0.028077387619018568,0.23188993492126464,0.22942137336730956,0.15873095893859862,0.0932859493255615,-0.12781750068664552,-0.10176324768066405,-0.20460448875427245,-0.15214801292419433,-0.26549359130859373,-0.3651361263275147,-0.42046224899291995,-0.5527150379180908,-0.5694597526550293,-0.5966916793823243,-0.7947831260681152,-0.7815960723876954,-0.8179066307067872,-0.6614053874969482,-0.6585088920593262,-0.5178606143951416,-0.5394097591400147,-0.28529491386413575,-0.3580478183746338,-0.2558881862640381,-0.37107397270202636,-0.30265973281860353,-0.3869535140991211,-0.41096767044067384,-0.4596498207092285,-0.5604333351135253,-0.5221535087585449,-0.6139195804595947,-0.5135585830688476,-0.5989569358825684,-0.5446337741851807,-0.5108863048553467
0.23390360260009768,0.2872567501068115,0.43821885414123535,0.6023211627960205,0.6186565486907959,0.7385949653625489,0.7717141040802002,0.793174962234497,0.7433454795837402,0.7955981159210205,0.8299484539031983,0.8309102981567383,0.44885542221069336,0.5552306324005127,0.6491667358398437,0.755670980834961,0.7875610717773438,0.8717992107391357,0.7924628063201904,0.8215089702606201,0.778814344406128,0.8580873935699463,0.8643615139007569,0.8085540882110596,0.8207749309539795,0.7718301387786866,0.7071172443389893,0.7389445358276368,0.7377804950714111,0.7290476531982422,0.6677537757873535,0.7550389225006103,0.6930417282104492,0.7179577419281006,0.5594738639831544,0.7005569225311279,0.6235671634674073,0.6896550594329834,0.5992751674652099,0.6376051490783692,0.587049263381958,0.5617151584625244,0.4930882556915283,0.3673692234039307,0.3240688804626465,0.1825768627166748,0.17075258560180664,-0.019318600082397462,-0.03856996536254883,-0.09769026336669921
0.5389669460296631,0.5882953117370605,0.6084365894317627,0.7747691055297852,0.7704107574462891,0.9039885467529297,0.9571012851715088,1.0153109020233155,1.0248570446014404,1.0472718364715576,1.1742671058654786,1.2004895542144776,1.2912147747039795,0.6402807613372803,0.7629205993652344,0.9148358768463135,1.0210940238952637,1.093817133331299,1.0386722091674805,1.1372612602233887,1.0835264251708985,1.3044422004699707,1.3661549793243408,0.6635239501953125,0.8171117118835449,0.9517471260070801,1.0039934513092041,1.144290823364258,1.0959675315856934,1.1972323543548584,1.1512105987548829,1.2897110317230225,1.3202868209838867,1.426472487640381,0.7403545192718506,1.024886078262329,0.955451428604126,1.1443487590789796,1.0689859394073487,1.165159571838379,1.1876051948547364,1.2923655841827393,1.313085387802124,1.3821035053253174,1.4876223793029786,1.6367559608459472,1.7194062339782714,1.6670375190734863,1.1497352127075195,1.0871375686645508
0.2657497257232666,0.20592074699401858,0.30701227645874024,0.3387393516540527,0.25040314598083496,0.2820382396697998,0.2529317939758301,0.20474108467102053,0.11515653686523436,0.19643976402282715,0.16558003616333006,0.17844733276367186,0.20055421676635743,0.27558096046447755,0.31752168502807615,0.36597669525146487,0.3162844841003418,0.36294701080322267,0.2646545364379883,0.30405843086242673,0.28266505012512205,0.30535636291503904,0.31623283729553225,0.3477892845153809,0.4215764293670654,0.4334959419250488,0.47062061882019046,0.4869060039520263,0.35680718154907226,0.274851407623291,0.20068567466735837,0.27196454696655276,0.22222385711669923,0.2657989376068115,0.09434891586303712,0.20540182266235352,0.0984374282836914,0.06002629356384277,-0.12530543785095216,-0.1582836700439453,-0.20073864364624022,-0.17657346572875976,-0.11445701217651366,-0.18920600357055664,-0.17500264434814453,-0.33604413566589353,-0.24882805633544922,-0.3877185180664062,-0.4407528831481934,-0.4244359161376953
0.5336664657592773,0.6304949157714843,0.5246575801849365,0.5991369594573974,0.45663257904052734,0.4613227077484131,0.3350827033996582,0.31952709426879883,0.30522489166259764,0.3024992694854736,0.38123154907226564,0.3920719078063965,0.3612449378967285,0.3342638618469238,0.40889912605285644,0.42761805076599124,0.43100359458923343,0.42460303955078127,0.32569978446960446,0.3565162094116211,0.26102554206848144,0.3975915798187256,0.3856468776702881,0.2878795749664307,0.3507267177581787,0.37461919288635254,0.35308660736083985,0.3871780574798584,0.41119831733703616,0.4247272930145264,0.4276470542907715,0.47076323776245116,0.4685370754241943,0.4756763690948487,0.387718452835083,0.5322898719787598,0.42265258750915524,0.49348944549560547,0.39811540756225583,0.432616588973999,0.42924828071594234,0.45030956535339356,0.43972396507263184,0.38992850646972654,0.3864813449859619,0.48143194541931156,0.487495032119751,0.34221295661926265,0.4885641674041748,0.3801588134765625
-0.01681690444946289,-0.08341568145751953,-0.5072167526245117,-0.44583742561340334,-0.5453007503509522,-0.5199135879516602,-0.5780625705718994,-0.6239618724822998,-0.7323562713623046,-0.7398707038879394,-0.8205292922973633,-0.8776972480773926,-0.8829290843963623,-0.8255210117340088,-0.7388650234222413,-0.6527737464904785,-0.6583655960083008,-0.6040127807617187,-0.6991885234832763,-0.6444669078826905,-0.6734345893859863,-0.5861849201202393,-0.549113603591919,-0.5476344417572021,-0.48422275238037105,-0.4754852596282959,-0.45058366889953616,-0.3809522716522217,-0.39290146789550784,-0.36929466171264647,-0.3559926811218262,-0.2512265892028809,-0.2854285041809082,-0.25127960968017576,-0.3982725200653076,-0.24651697273254397,-0.29969710502624514,-0.1963855514526367,-0.2935913887023926,-0.2521336349487305,-0.22412683181762696,-0.1472991371154785,-0.043574696731567386,-0.021042538070678712,0.09391659393310547,0.09986659240722656,0.2533297954559326,0.17964022178649902,0.2610244812011719,0.31618524475097654
-0.07279710273742676,-0.09615530433654784,0.03465123100280762,0.1131070213317871,0.0378600112915039,0.048478847503662104,-0.023848053741455072,-0.12261455879211425,-0.23202495269775392,-0.1590227481842041,-0.17260298042297362,-0.1711188735961914,-0.1688340362548828,-0.13753631591796875,-0.13267008018493653,-0.09545392951965331,-0.1513803195953369,-0.14332738037109374,-0.2677024620056152,-0.20785317802429198,-0.18914836616516112,-0.07887286834716797,-0.021175732421874996,0.033379857635498056,0.09848777198791503,0.10426757736206055,0.17477117080688476,0.2665810344696045,0.21245928230285643,0.23170874671936037,0.21534131546020507,0.36478917198181154,0.39232284469604495,0.5204110984802246,0.4228327259063721,0.5970854782104492,0.08913062133789063,0.056548525238037106,-0.1149036319732666,-0.16136974105834961,-0.24976883430480956,-0.29028588066101074,-0.284323360824585,-0.3872681964874268,-0.39469999008178713,-0.5576172386169433,-0.48563805961608886,-0.6374866802215576,-0.6929957973480224,-0.6967107929229737
0.0839536190032959,0.09795737266540527,0.1141667366027832,0.19194436073303223,0.41371653327941893,0.47787324142456056,0.4536170944213867,0.4564105007171631,0.5538215709686279,0.6532666778564453,0.7731037509918213,0.8326264045715333,0.9120831352233887,0.9637340641021729,1.062204969406128,1.1503889820098876,1.142262845993042,0.5431972476959228,0.6189539505004883,0.7017500495910645,0.7014162910461426,0.8580556533813477,0.9605781894683838,0.9692122077941895,1.0865982894897461,1.161646392059326,1.163359790802002,1.2532986633300782,0.6835174633026123,0.7164940929412842,0.7773313892364502,0.9379711769104004,0.9498700958251953,1.0505971050262453,1.0018285636901856,1.2047562858581542,1.160310655593872,1.280505561065674,1.206270235824585,0.6841058826446533,0.7635820281982422,0.8790445945739747,0.9475488525390625,0.9688374137878418,1.052307737350464,1.0763862392425536,1.2090572414398193,1.1433919898986817,1.2801358879089355,1.2846151264190673
-0.12723606758117675,-0.12321534385681152,-0.07673883361816405,-0.07252861366271973,-0.19608144111633302,-0.12485460891723632,-0.18421403007507325,-0.19574074516296386,-0.281431579208374,-0.15709153747558596,-0.19698363189697266,-0.1792721893310547,-0.23238196601867678,-0.20309955406188968,-0.21706378898620604,-0.2327679237365723,-0.3100261211395264,-0.18297195663452148,-0.2720693824768066,-0.2402534152984619,-0.28636884765625,-0.34252396125793455,-0.32817832069396974,-0.3385341121673584,-0.32560988273620606,-0.35890944595336916,-0.3142728244781494,-0.33104815750122074,-0.32220721092224125,-0.4748993869781494,-0.47432456893920893,-0.4968064823150635,-0.5762020278930664,-0.5243144733428955,-0.7125980438232422,-0.5759011005401611,-0.5524758701324463,-0.49059974021911623,-0.5671046180725098,-0.5633586170196533,-0.5254350982666015,-0.5085568656921386,-0.36226043548583986,-0.4271137161254883,-0.34761429481506345,-0.38890561943054197,-0.14921297721862792,-0.20180367393493653,-0.1744929534912109,-0.09908089637756345
0.17295542907714845,0.10164887504577635,0.14524994430541993,0.09799533309936523,-0.07610698318481446,-0.08678261337280274,-0.18484276847839357,-0.2267903823852539,-0.2965606163024902,-0.16390401153564454,-0.18792129974365235,-0.14519978332519531,-0.17211993255615235,-0.11480019454956056,-0.09526142349243163,-0.08415892791748047,-0.1473469554901123,-0.0771088752746582,-0.18083751678466797,-0.16578986701965331,-0.18120331726074218,-0.18115184898376466,-0.14289374923706055,-0.12488833923339843,-0.09512024993896484,-0.13758268661499023,-0.09738258247375489,-0.07103742446899414,-0.024408985900878907,-0.04301887512207031,0.03846414375305176,0.11970757789611816,0.11476056137084961,0.1699768768310547,0.01690447463989258,0.137622021484375,0.11886529693603516,0.14166918601989745,0.04240457382202149,0.06892719078063965,0.1161792667388916,0.20938849906921386,0.4205087417602539,0.45106612243652344,0.5787809288024902,-0.01939854736328125,0.14095811614990233,0.042084844970703125,0.03751890029907227,0.1378163318634033
0.8856505001068116,0.8343369010925292,0.9242334777832031,0.9748767822265625,0.8416079494476318,0.7868872085571289,0.6705682804107665,0.49591065483093266,0.29818141365051265,0.24116520652770995,0.9050282085418702,0.9242884162902831,0.948342126083374,0.9375857322692871,0.8785478088378906,0.8324749866485596,0.6887088348388671,0.5886080368041993,0.3401507129669189,0.26065163383483886,0.10182515296936034,0.0662004680633545,-0.053398604965209956,-0.14109872245788574,-0.1505910888671875,-0.18414636497497558,-0.17539950256347656,-0.12146354293823242,-0.22538447036743164,-0.21749912948608396,-0.30092927932739255,-0.23335409240722657,-0.31617609481811526,-0.30143123588562015,-0.46435347785949704,-0.2968313190460205,-0.3620984516143799,-0.24601437683105468,-0.27168886680603027,-0.156404162979126,-0.10518687477111817,-0.024161160278320326,0.04927343215942384,0.029864974594116217,0.09825231208801269,0.02661344871520996,0.5358658920288086,0.40055675888061526,0.39643490219116206,0.42583146591186527
-0.23138326988220215,-0.1418153476715088,-0.02769504013061523,0.04707529106140136,-0.008422257232666014,0.10028317832946777,0.18355340538024903,0.309685066986084,0.3433923526763916,0.4125550880432129,0.4297516929626465,0.43556305503845216,0.40845204010009767,0.44133686141967776,0.4661388042449951,0.4988226215362549,0.46574170112609864,0.5728874134063721,0.5043298385620117,0.55751753616333,0.5425325675964355,0.5869154998779297,0.6595081336975097,0.6751902133941651,0.7365249843597412,0.7332888301849365,0.7448180171966553,0.7829925506591797,0.7864982913970947,0.7523498374938965,0.7906618118286133,0.8953449405670166,0.8894370922088624,0.9339293395996093,0.7737604953765869,0.8907859363555908,0.8380768901824951,0.8624407730102539,0.740256876373291,0.7554783699035644,0.7708692710876465,0.7926522521972656,0.8666381645202637,0.7920097988128663,0.8013707321166992,0.6457966209411621,0.7167721843719482,0.5564830871582032,0.5295480594635009,0.516658642578125
-0.18152525749206544,-0.1931786865234375,-0.14419374809265137,-0.06087758750915527,-0.12682470626831055,-0.07739867820739746,-0.09649909896850586,-0.09783719062805177,-0.1516734573364258,-0.10529311294555664,-0.09216719360351562,-0.12828166732788088,-0.11963745231628418,-0.12439084548950195,-0.09444793357849121,-0.028683921432495117,-0.030365449905395508,0.03401542358398438,-0.04481783256530762,0.012656953048706052,-0.04375859870910644,0.04859291343688965,0.06799990844726563,0.03909402542114258,0.10622288665771484,0.11639038352966309,0.1086283203125,0.17722865867614745,0.11873241958618164,0.1559229122161865,0.1305460292816162,0.2671399097442627,0.24246573677062988,0.30591929397583006,0.18732181663513184,0.3425849262237549,0.22752426719665528,0.2705947547912598,0.13466382942199706,0.1496980484008789,0.12780486335754396,0.16449115676879883,0.17560482444763184,0.1271669994354248,0.1464352912902832,0.07751246910095215,0.1458774326324463,0.020822393417358392,0.06588704414367676,0.020646197509765624
-0.2632572902679443,-0.2910157382965088,-0.18682122154235842,-0.1902106834411621,-0.3046422164916992,-0.2514262550354004,-0.3056879192352295,-0.3198286979675293,-0.40961138916015627,-0.26254290046691897,-0.27564175453186035,-0.182454679107666,-0.14380116004943846,-0.024019958496093757,0.03564360198974609,0.059341963195800776,-0.01916990852355957,0.05715420646667481,-0.08571406669616699,-0.12978823623657226,-0.18623672218322754,-0.23705379371643065,-0.1872322937011719,-0.1613823295593262,-0.11438480911254884,-0.13909699363708494,-0.07865891761779786,-0.04274688758850098,0.024313428878784182,-0.011281321334838862,0.09481725425720215,0.18174669723510742,0.16691630668640137,0.1868809787750244,-0.04248315963745117,-0.008282540130615246,-0.09661985092163083,-0.16537121467590332,-0.3874517520904541,-0.5085000720977784,-0.6403764949798584,-0.7557265502929688,-0.7147668937683106,-0.8102455318450927,-0.7042209987640381,-0.1740602233886719,-0.07509589843749997,-0.2613776081085205,-0.3898266395568848,-0.42357990417480473
